f1,em,chrf,bleu,num_comparison
0.5362100444837382,0.35789473684210527,59.37967082206042,46.389792483865314,950
